{
  "project_info": {
    "project_number": "775169450853",
    "firebase_url": "https://sqlbase-26836.firebaseio.com",
    "project_id": "sqlbase-26836",
    "storage_bucket": "sqlbase-26836.appspot.com"
  },
  "client": [
    {
      "client_info": {
        "mobilesdk_app_id": "1:775169450853:android:b6bfe6e4ff713a5f6af78c",
        "android_client_info": {
          "package_name": "com.example.Chalish"
        }
      },
      "oauth_client": [
        {
          "client_id": "775169450853-lc9n5ce462qkq968t6ehfp8b3q7s6ehe.apps.googleusercontent.com",
          "client_type": 1,
          "android_info": {
            "package_name": "com.example.Chalish",
            "certificate_hash": "f824cf8500c406ff2c9ea2250f947a9161c79036"
          }
        },
        {
          "client_id": "775169450853-gcamfpaq81q8ku1igotl98qlup2v7kek.apps.googleusercontent.com",
          "client_type": 3
        }
      ],
      "api_key": [
        {
          "current_key": "AIzaSyAtVVxJtnKUQs8KGsVN73yP9P22q4mp0pw"
        }
      ],
      "services": {
        "appinvite_service": {
          "other_platform_oauth_client": [
            {
              "client_id": "775169450853-gcamfpaq81q8ku1igotl98qlup2v7kek.apps.googleusercontent.com",
              "client_type": 3
            }
          ]
        }
      }
    }
  ],
  "configuration_version": "1"
}